zone,countryIt,countryEn
Zona 2,AFGHANISTAN,AFGHANISTAN
Zona 1,ALBANIA,ALBANIA
Zona 1,ALBANIE,ALBANIA
Zona 1,ALGERIA,ALGERIA
Zona 1,ALGÉRIE,ALGERIA
Zona 1,ALGERIE,ALGERIA
Zona 2,UPPER VOLTA,ALTO VOLTA
Zona 2,HAUTE VOLTA,ALTO VOLTA
Zona 2,ALTO VOLTA,ALTO VOLTA
Zona 1,ANDORRA,ANDORRA
Zona 1,PRINCIPATO DI ANDORRA,ANDORRA
Zona 1,ANDORRE,ANDORRA
Zona 2,ANGOLA,ANGOLA
Zona 2,ANGUILLA,ANGUILLA
Zona 3,ANTARCTICA,ANTARTIDE
Zona 3,ANTARTIDE,ANTARTIDE
Zona 2,ANTIGUA AND BARBUDA,ANTIGUA E BARBUDA
Zona 2,ANTIGUA-ET-BARBUDA,ANTIGUA E BARBUDA
Zona 2,ANTIGUA Y BARBUDA,ANTIGUA E BARBUDA
Zona 2,BARBUDA,ANTIGUA E BARBUDA
Zona 2,ANTIGUA E BARBUDA,ANTIGUA E BARBUDA
Zona 2,ANTIGUA ET BARBUDA,ANTIGUA E BARBUDA
Zona 2,ANTIGUA,ANTIGUA E BARBUDA
Zona 2,ANTILLAS NEERLANDESAS,ANTILLE OLANDESI
Zona 2,SAINT MAARTEN,ANTILLE OLANDESI
Zona 2,NETHERLANDS ANTILLES,ANTILLE OLANDESI
Zona 2,CURACAO,ANTILLE OLANDESI
Zona 2,SAINT EUSTATIUS,ANTILLE OLANDESI
Zona 2,ANTILLE OLANDESI,ANTILLE OLANDESI
Zona 2,ARUBA,ANTILLE OLANDESI
Zona 2,ANTILLES NEERLANDAISES,ANTILLE OLANDESI
Zona 2,SABA,ANTILLE OLANDESI
Zona 2,BONAIRE,ANTILLE OLANDESI
Zona 2,ARABIA SAUDITA,ARABIA SAUDITA
Zona 2,ARABIE SAOUDITE,ARABIA SAUDITA
Zona 2,SAUDI ARABIA,ARABIA SAUDITA
Zona 2,ARABIA,ARABIA SAUDITA
Zona 2,ARGENTINA,ARGENTINA
Zona 2,ARGENTINE,ARGENTINA
Zona 2,ARMÉNIE,ARMENIA
Zona 2,ARMENIE,ARMENIA
Zona 2,ARMENIA,ARMENIA
Zona 2,ASCENSION,ASCENSION
Zona 3,AUSTRALIE,AUSTRALIA
Zona 3,COMMONWEALTH OF AUSTRALIA,AUSTRALIA
Zona 3,AUSTRALIA,AUSTRALIA
Zona 1,AUSTRICHE,AUSTRIA
Zona 1,AUSTRIA,AUSTRIA
Zona 1,OSTERREICH,AUSTRIA
Zona 1,AUTRICHE,AUSTRIA
Zona 2,AZERBAIGIAN,AZERBAIJAN
Zona 2,AZERBAJDZAN,AZERBAIJAN
Zona 2,AZERBAIJAN,AZERBAIJAN
Zona 2,AZEIRBAIJAN,AZERBAIJAN
Zona 2,BAHAMAS ISLAND,BAHAMA
Zona 2,BAHAMA,BAHAMA
Zona 2,BAHAMAS,BAHAMA
Zona 2,BAHREÏN,BAHRAIN
Zona 2,BAHREIN,BAHRAIN
Zona 2,BAHRAIN,BAHRAIN
Zona 2,BANGLADESH,BANGLADESH
Zona 2,BARBADOS,BARBADOS
Zona 2,BARBADE,BARBADOS
Zona 1,BELARUS,BELARUS
Zona 1,BELGIO,BELGIO
Zona 1,BELGICA,BELGIO
Zona 1,BELGIUM,BELGIO
Zona 1,BELGIQUE,BELGIO
Zona 1,BELGIE,BELGIO
Zona 2,BELICE,BELIZE
Zona 2,BELIZE,BELIZE
Zona 2,BÉNIN,BENIN
Zona 2,BENIN,BENIN
Zona 2,BERMUDAS,BERMUDA
Zona 2,BERMUDA,BERMUDA
Zona 2,ISOLE BERMUDA,BERMUDA
Zona 2,BERMUDES,BERMUDA
Zona 2,BERMUDE,BERMUDA
Zona 2,BHOUTAN,BHUTAN
Zona 2,BHUTAN,BHUTAN
Zona 1,BIELORUSSIA,BIELORUSSIA
Zona 1,BYELORUSSIAN SOVIET SOCIALIST REPUBLIC,BIELORUSSIA
Zona 1,BÉLARUS,BIELORUSSIA
Zona 2,BOLIVIE,BOLIVIA
Zona 2,BOLIVIA,BOLIVIA
Zona 1,BOSNIA ED ERZEGOVINA,BOSNIA ERZEGOVINA
Zona 1,BOSNIE-HERZÉGOVINE,BOSNIA ERZEGOVINA
Zona 1,BOSNIA AND HERZEGOVINA,BOSNIA ERZEGOVINA
Zona 1,BOSNIA HERZEGOVINA,BOSNIA ERZEGOVINA
Zona 1,BOSNIE HERZÉGOVINE,BOSNIA ERZEGOVINA
Zona 1,BOSNIA HERCEGOVINA,BOSNIA ERZEGOVINA
Zona 1,BOSNIA ERZEGOVINA,BOSNIA ERZEGOVINA
Zona 1,BOSNIA,BOSNIA ERZEGOVINA
Zona 2,BOTSWANA,BOTSWANA
Zona 2,BRASILE,BRASILE
Zona 2,BRAZIL,BRASILE
Zona 2,BRASIL,BRASILE
Zona 2,BRESIL,BRASILE
Zona 2,BRÉSIL,BRASILE
Zona 2,BRUNI,BRUNEI DARUSSALAM
Zona 2,BRUNEI,BRUNEI DARUSSALAM
Zona 2,BRUNEI DARUSSALAM,BRUNEI DARUSSALAM
Zona 1,BULGARIE (RÉP),BULGARIA
Zona 1,BULGARIE RÉP,BULGARIA
Zona 1,BULGARIE (REP),BULGARIA
Zona 1,BULGARIA,BULGARIA
Zona 1,BULGARIE,BULGARIA
Zona 1,BULGARIE REP,BULGARIA
Zona 2,BURKINA,BURKINA FASO
Zona 2,BURKINA FASO,BURKINA FASO
Zona 2,BURUNDI,BURUNDI
Zona 2,CAMBODIA,CAMBOGIA
Zona 2,CAMBODGE,CAMBOGIA
Zona 2,CAMBOGIA,CAMBOGIA
Zona 2,CAMEROUN,CAMERUN
Zona 2,CAMEROON,CAMERUN
Zona 2,CAMERUN,CAMERUN
Zona 2,CANADA,CANADA
Zona 2,CAP VERT,CAPO VERDE
Zona 2,CAP-VERT,CAPO VERDE
Zona 2,CAPO VERDE,CAPO VERDE
Zona 2,CAPE VERDE,CAPO VERDE
Zona 2,CABO VERDE,CAPO VERDE
Zona 2,TCHAD,CIAD
Zona 2,CHAD,CIAD
Zona 2,CIAD,CIAD
Zona 2,CHILI,CILE
Zona 2,CHILE,CILE
Zona 2,CILE,CILE
Zona 1,CYPRUS,CIPRO
Zona 1,CHIPRE,CIPRO
Zona 1,KYPROS,CIPRO
Zona 1,CIPRO,CIPRO
Zona 1,CHYPRE,CIPRO
Zona 1,CITTA DEL VATICANO,CITTA' DEL VATICANO
Zona 1,HOLY SEE (VATICAN CITY STATE),CITTA' DEL VATICANO
Zona 1,CITE DU VATICAN,CITTA' DEL VATICANO
Zona 1,VATICAN CITY,CITTA' DEL VATICANO
Zona 1,HOLY SEE VATICAN CITY STATE,CITTA' DEL VATICANO
Zona 1,VATICANO,CITTA' DEL VATICANO
Zona 1,CITTA' DEL VATICANO,CITTA' DEL VATICANO
Zona 1,CITTÀ DEL VATICANO,CITTA' DEL VATICANO
Zona 1,VATICAN CITY STATE,CITTA' DEL VATICANO
Zona 1,VATICAN,CITTA' DEL VATICANO
Zona 2,COLOMBIA,COLOMBIA
Zona 2,COLOMBIE,COLOMBIA
Zona 2,COMOROS,COMORE
Zona 2,ISOLE COMORE,COMORE
Zona 2,COMORES,COMORE
Zona 2,COMORE,COMORE
Zona 2,COSTA DAVORIO,COSTA D'AVORIO
Zona 2,COSTA DE MARFIL,COSTA D'AVORIO
Zona 2,COTE DE IVOIRE,COSTA D'AVORIO
Zona 2,IVORY COAST,COSTA D'AVORIO
Zona 2,COSTA D'AVORIO,COSTA D'AVORIO
Zona 2,COSTA D' AVORIO,COSTA D'AVORIO
Zona 2,COTE D'IVOIRE,COSTA D'AVORIO
Zona 2,CÔTE D'IVOIRE,COSTA D'AVORIO
Zona 2,COSTA RICA,COSTA RICA
Zona 2,COSTARICA,COSTA RICA
Zona 1,CROATIE,CROAZIA
Zona 1,CROATIA,CROAZIA
Zona 1,CROAZIA,CROAZIA
Zona 2,CUBA,CUBA
Zona 1,DANEMARK,DANIMARCA
Zona 1,DANMARK,DANIMARCA
Zona 1,DINAMARCA,DANIMARCA
Zona 1,JUTLAND,DANIMARCA
Zona 1,DANIMARCA,DANIMARCA
Zona 1,DENMARK,DANIMARCA
Zona 2,DOMINIQUE,DOMINICA
Zona 2,DOMINICA,DOMINICA
Zona 1,EGYPTE,EGITTO
Zona 1,EGYPT,EGITTO
Zona 1,EGIPTO,EGITTO
Zona 1,EGITTO,EGITTO
Zona 2,EL SALVADOR,EL SALVADOR
Zona 2,DUBAI,EMIRATI ARABI UNITI
Zona 2,EMIRATI ARABI,EMIRATI ARABI UNITI
Zona 2,EMIRATI ARABI UNITI,EMIRATI ARABI UNITI
Zona 2,EMIRATS ARABES UNIS,EMIRATI ARABI UNITI
Zona 2,EMIRATOS ARABES UNIDOS,EMIRATI ARABI UNITI
Zona 2,UNITED ARAB EMIRATES,EMIRATI ARABI UNITI
Zona 2,ECUADOR,EQUADOR
Zona 2,EQUATEUR,EQUADOR
Zona 2,EQUADOR,EQUADOR
Zona 2,ERITREA,ERITREA
Zona 2,ERYTHREE,ERITREA
Zona 2,ÉRYTHRÉE,ERITREA
Zona 1,ESTONIA,ESTONIA
Zona 1,ESTONIE,ESTONIA
Zona 2,ETIOPIA,ETIOPIA
Zona 2,ETHIOPIA,ETIOPIA
Zona 2,ETHIOPIE,ETIOPIA
Zona 2,ISOLE FANNING E WASHINGTON,FANNING E WASHINGTON
Zona 2,FANNING AND WASHINGTON,FANNING E WASHINGTON
Zona 2,FANNING E WASHINGTON,FANNING E WASHINGTON
Zona 2,FANNING AND WASHINGTON ISLANDS,FANNING E WASHINGTON
Zona 1,RUSSIA,FEDERAZIONE RUSSA
Zona 1,FEDERAZIONE RUSSA,FEDERAZIONE RUSSA
Zona 1,RUSSIAN FEDERATION,FEDERAZIONE RUSSA
Zona 1,RUSSIE FEDERATION DE,FEDERAZIONE RUSSA
Zona 1,RUSSIE (FEDERATION DE),FEDERAZIONE RUSSA
Zona 1,FEDERATION DE RUSSIE,FEDERAZIONE RUSSA
Zona 1,RUSSIE (FÉDÉRATION DE),FEDERAZIONE RUSSA
Zona 1,RUSSIE FÉDÉRATION DE,FEDERAZIONE RUSSA
Zona 2,FILIPINAS,FILIPPINE
Zona 2,FILIPPINE,FILIPPINE
Zona 2,PHILIPPINES,FILIPPINE
Zona 1,FINLANDIA,FINLANDIA
Zona 1,FINLAND,FINLANDIA
Zona 1,FINLANDE,FINLANDIA
Zona 1,FRANCE,FRANCIA
Zona 1,REPUBLIQUE FRANCAISE,FRANCIA
Zona 1,FRANCIA,FRANCIA
Zona 2,GABON,GABON
Zona 2,REPUBLIQUE GABONAISE,GABON
Zona 2,GABONESE REPUBLIC,GABON
Zona 2,REPUBLICA GABONESA,GABON
Zona 2,THE GAMBIA,GAMBIA
Zona 2,GAMBIA,GAMBIA
Zona 2,GAMBIE,GAMBIA
Zona 2,GEORGIA,GEORGIA
Zona 2,GEORGIE,GEORGIA
Zona 2,GÉORGIE,GEORGIA
Zona 2,SANDWICH,GEORGIA DEL SUD E SANDWICH DEL SUD
Zona 2,GEORGIA DEL SUD E SANDWICH DEL SUD,GEORGIA DEL SUD E SANDWICH DEL SUD
Zona 2,GEORGIA DEL SUD,GEORGIA DEL SUD E SANDWICH DEL SUD
Zona 2,SOUTH GEORGIA AND THE SOUTH SANDWICH ISLANDS,GEORGIA DEL SUD E SANDWICH DEL SUD
Zona 2,GEORGIA DEL SUD E ISOLE SANDWICH,GEORGIA DEL SUD E SANDWICH DEL SUD
Zona 2,SOUTH GEORGIA,GEORGIA DEL SUD E SANDWICH DEL SUD
Zona 2,GEORGIE DU SUD,GEORGIA DEL SUD E SANDWICH DEL SUD
Zona 2,GÉORGIE DU SUD,GEORGIA DEL SUD E SANDWICH DEL SUD
Zona 1,DEUTSCHLAND,GERMANIA
Zona 1,ALLEMAGNE,GERMANIA
Zona 1,GERMANIA,GERMANIA
Zona 1,GERMANY,GERMANIA
Zona 1,ALEMANIA,GERMANIA
Zona 2,GHANA,GHANA
Zona 2,JAMAÏQUE,GIAMAICA
Zona 2,JAMAIQUE,GIAMAICA
Zona 2,JAMAICA,GIAMAICA
Zona 2,GIAMAICA,GIAMAICA
Zona 2,JAPAN,GIAPPONE
Zona 2,JAPON,GIAPPONE
Zona 2,GIAPPONE,GIAPPONE
Zona 1,GIBILTERRA,GIBILTERRA
Zona 1,GIBRALTAR,GIBILTERRA
Zona 2,DJIBOUTI,GIBUTI
Zona 2,GIBUTI,GIBUTI
Zona 1,JORDANIE,GIORDANIA
Zona 1,JORDANIA,GIORDANIA
Zona 1,JORDAN,GIORDANIA
Zona 1,GIORDANIA,GIORDANIA
Zona 1,GRAN BRETANA,GRAN BRETAGNA
Zona 1,GREAT BRITAIN,GRAN BRETAGNA
Zona 1,UNITED KINGDOM,GRAN BRETAGNA
Zona 1,U K,GRAN BRETAGNA
Zona 1,GRANDE-BRETAGNE,GRAN BRETAGNA
Zona 1,REGNO UNITO,GRAN BRETAGNA
Zona 1,U.K.,GRAN BRETAGNA
Zona 1,INGLATERRA,GRAN BRETAGNA
Zona 1,GRAN BRETAGNA,GRAN BRETAGNA
Zona 1,INGHILTERRA,GRAN BRETAGNA
Zona 1,GRANDE BRETAGNE,GRAN BRETAGNA
Zona 1,ANGLETERRE,GRAN BRETAGNA
Zona 1,ENGLAND,GRAN BRETAGNA
Zona 1,GRECIA,GRECIA
Zona 1,GREECE,GRECIA
Zona 1,ELLAS,GRECIA
Zona 1,GRÈCE,GRECIA
Zona 1,GRECE,GRECIA
Zona 2,GRENADA,GRENADA
Zona 2,GRENADE,GRENADA
Zona 2,GRANADA,GRENADA
Zona 2,GROENLAND,GROENLANDIA
Zona 2,GREENLAND,GROENLANDIA
Zona 2,GROENLANDIA,GROENLANDIA
Zona 2,GUADELOUPE,GUADALUPA
Zona 2,GUADALUPA,GUADALUPA
Zona 2,GUADALUPE,GUADALUPA
Zona 2,GUADELUPE,GUADALUPA
Zona 3,GUAM,GUAM
Zona 2,GUANTANAMO BAY,GUANTANAMO BAY
Zona 2,BAIA GUANTANAMO,GUANTANAMO BAY
Zona 2,GUANTANAMO,GUANTANAMO BAY
Zona 2,GUATEMALA,GUATEMALA
Zona 1,GUERNSEY,GUERNESEY
Zona 1,GUERNESEY,GUERNESEY
Zona 2,GUINÉE,GUINEA
Zona 2,GUINEA,GUINEA
Zona 2,GUINEE,GUINEA
Zona 2,GUINÉE BISSAU,GUINEA BISSAU
Zona 2,GUINEA-BISSAU,GUINEA BISSAU
Zona 2,GUINEA BISSAU,GUINEA BISSAU
Zona 2,GUINEE BISSAU,GUINEA BISSAU
Zona 2,GUINÉE-BISSAU,GUINEA BISSAU
Zona 2,GUINÉE ÉQUATORIALE,GUINEA EQUATORIALE
Zona 2,GUINEA EQUATORIALE,GUINEA EQUATORIALE
Zona 2,EQUATORIAL GUINEA,GUINEA EQUATORIALE
Zona 2,GUINEA ECUATORIAL,GUINEA EQUATORIALE
Zona 2,GUINEE EQUATORIALE,GUINEA EQUATORIALE
Zona 2,GUINEAEQUATORIALE,GUINEA EQUATORIALE
Zona 2,GUAYANA,GUYANA
Zona 2,GUYANA,GUYANA
Zona 2,GUYANE,GUYANA
Zona 2,GUYANAFRANCESE,GUYANA FRANCESCE
Zona 2,GUYANA FRANCESE,GUYANA FRANCESE
Zona 2,GUAYANA FRANCESA,GUYANA FRANCESE
Zona 2,GUYANE FRANCAISE,GUYANA FRANCESE
Zona 2,GUIANA,GUYANA FRANCESE
Zona 2,FRENCH GUIANA,GUYANA FRANCESE
Zona 2,HAITI,HAITI
Zona 2,ONDURAS,HONDURAS
Zona 2,HONDURAS,HONDURAS
Zona 2,HONG KONG,HONG KONG
Zona 2,HONGKONG,HONG KONG
Zona 2,INDE,INDIA
Zona 2,INDIA,INDIA
Zona 2,INDONESIE,INDONESIA
Zona 2,INDONESIA,INDONESIA
Zona 2,INDONÉSIE,INDONESIA
Zona 2,IRAN ISLAMIC REPUBLIC OF,IRAN
Zona 2,IRAN,IRAN
Zona 2,IRAQ,IRAQ
Zona 1,IRISH REPUBLIC,IRLANDA
Zona 1,EIRE,IRLANDA
Zona 1,IRELAND,IRLANDA
Zona 1,IRLANDA,IRLANDA
Zona 1,IRLANDE,IRLANDA
Zona 1,ISLANDE,ISLANDA
Zona 1,ISLANDA,ISLANDA
Zona 1,ISLANDIA,ISLANDA
Zona 1,ICELAND,ISLANDA
Zona 1,MAN,ISOLA DI MAN
Zona 1,ISLE OF MAN,ISOLA DI MAN
Zona 1,ISOLA DI MAN,ISOLA DI MAN
Zona 1,ISOLE ÅLAND,ISOLE ALAND
Zona 1,ALAND ISLANDS,ISOLE ALAND
Zona 1,ISOLE ALAND,ISOLE ALAND
Zona 3,ISOLE BES,ISOLE BES
Zona 2,CAÏMANS,ISOLE CAYMAN
Zona 2,ISOLA CAIMAN,ISOLE CAYMAN
Zona 2,CAIMANS,ISOLE CAYMAN
Zona 2,CAIMANS ISLANDS,ISOLE CAYMAN
Zona 2,ISOLE CAYMAN,ISOLE CAYMAN
Zona 2,CAYMAN,ISOLE CAYMAN
Zona 2,CAIMANES,ISOLE CAYMAN
Zona 2,CAYMAN ISLANDS,ISOLE CAYMAN
Zona 3,COCOS KEELING ISLANDS,ISOLE COCOS (KEELING)
Zona 3,ISOLE COCOS E KEELING,ISOLE COCOS (KEELING)
Zona 3,KEELING,ISOLE COCOS (KEELING)
Zona 3,COCOS,ISOLE COCOS (KEELING)
Zona 3,ISOLE COCOS KEELING,ISOLE COCOS (KEELING)
Zona 3,ISOLE COCOS (KEELING),ISOLE COCOS (KEELING)
Zona 3,COCOS (KEELING) ISLANDS,ISOLE COCOS (KEELING)
Zona 3,COOK ISLANDS,ISOLE COOK
Zona 3,ISOLE COOK,ISOLE COOK
Zona 3,COOK,ISOLE COOK
Zona 2,FALKLAND ISLANDS MALVINAS,ISOLE FALKLAND
Zona 2,FALKLAND ISLANDS (MALVINAS),ISOLE FALKLAND
Zona 2,ILES MALOVINES,ISOLE FALKLAND
Zona 2,FALKLAND ISLAND,ISOLE FALKLAND
Zona 2,FALKLAND MALVINAS,ISOLE FALKLAND
Zona 2,FALKLAND(MALVINAS),ISOLE FALKLAND
Zona 2,MALVINAS,ISOLE FALKLAND
Zona 2,ISOLE MALVINE,ISOLE FALKLAND
Zona 2,FALKLAND ILES,ISOLE FALKLAND
Zona 2,ISLAS MALVINAS,ISOLE FALKLAND
Zona 2,FALKLAND ISLAS,ISOLE FALKLAND
Zona 2,FALKLAND ISLANDS,ISOLE FALKLAND
Zona 2,FALKLAND,ISOLE FALKLAND
Zona 2,ISLAS MALVINA,ISOLE FALKLAND
Zona 2,ISOLE FALKLAND,ISOLE FALKLAND
Zona 2,MALVINE,ISOLE FALKLAND
Zona 1,ISOLE FAROE,ISOLE FAROE
Zona 1,FAROE ISLANDS,ISOLE FAROE
Zona 1,FAROE,ISOLE FAROE
Zona 1,ISOLE FÆR ØER,ISOLE FAROE
Zona 1,FAR OER,ISOLE FAROE
Zona 1,ILES FEROE,ISOLE FAROE
Zona 1,FÉROÉ,ISOLE FAROE
Zona 1,ISLAS FEROE,ISOLE FAROE
Zona 1,FEROE,ISOLE FAROE
Zona 3,FIGI,ISOLE FIGI
Zona 3,ISLA FIJI,ISOLE FIGI
Zona 3,FIJI,ISOLE FIGI
Zona 3,ISOLE FIGI,ISOLE FIGI
Zona 3,FIJI ISLANDS,ISOLE FIGI
Zona 3,FIDJI,ISOLE FIGI
Zona 3,FIJI ISLAND,ISOLE FIGI
Zona 3,ISOLE HEARD E MCDONALD,ISOLE HEARD E MCDONALD
Zona 3,HEARD ISLAND AND MCDONALD ISLANDS,ISOLE HEARD E MCDONALD
Zona 3,SAIPAN,ISOLE MARIANNES
Zona 3,TINIAN,ISOLE MARIANNES
Zona 3,NORTHERN MARIANA ISLANDS,ISOLE MARIANNES
Zona 3,ISOLE MARIANNE SETTENTRIONALI,ISOLE MARIANNES
Zona 3,MARIANNE,ISOLE MARIANNES
Zona 3,MARIANNES,ISOLE MARIANNES
Zona 3,ISOLE MARIANNES,ISOLE MARIANNES
Zona 3,ISLAS MARIANAS,ISOLE MARIANNES
Zona 3,MARIANA ISLANDS,ISOLE MARIANNES
Zona 3,ISOLE MARSHALL,ISOLE MARSHALL
Zona 3,MARSHALL,ISOLE MARSHALL
Zona 3,MARSHALL ISLANDS,ISOLE MARSHALL
Zona 2,ISOLE MINORI DEGLI STATI UNITI,ISOLE MINORI DEGLI STATI UNITI
Zona 2,UNITED STATES MINOR OUTLYING ISLANDS,ISOLE MINORI DEGLI STATI UNITI
Zona 3,SALOMON,ISOLE SALOMONE
Zona 3,ISOLE SALOMONE,ISOLE SALOMONE
Zona 3,SOLOMON ISLANDS,ISOLE SALOMONE
Zona 3,SOLOMON,ISOLE SALOMONE
Zona 3,SALOMONE,ISOLE SALOMONE
Zona 3,ISOLE TOKELAU,ISOLE TOKELAU
Zona 3,TOKELAU,ISOLE TOKELAU
Zona 3,TOKELAU ISLANDS,ISOLE TOKELAU
Zona 2,ISOLE TURKS E CAICOS,ISOLE TURKS E CAICOS
Zona 2,CAICOS,ISOLE TURKS E CAICOS
Zona 2,TURQUES E CAIQUES,ISOLE TURKS E CAICOS
Zona 2,TURKS,ISOLE TURKS E CAICOS
Zona 2,TURKS E CAICOS,ISOLE TURKS E CAICOS
Zona 2,TURKS ET CAIQUES,ISOLE TURKS E CAICOS
Zona 2,TURKS AND CAICOS ISLANDS,ISOLE TURKS E CAICOS
Zona 2,ISOLE VERGINI AMERICANE,ISOLE VERGINI AMERICANE
Zona 2,SAINT THOMAS,ISOLE VERGINI AMERICANE
Zona 2,SAINT CROIX,ISOLE VERGINI AMERICANE
Zona 2,UNITED STATES VIRGIN ISLANDS,ISOLE VERGINI AMERICANE
Zona 2,ISLAS VIRGENES AMERICANAS,ISOLE VERGINI AMERICANE
Zona 2,VIRGIN ISLANDS U S A,ISOLE VERGINI AMERICANE
Zona 2,ILES VIERGES DES ETATS UNIS,ISOLE VERGINI AMERICANE
Zona 2,VERGINI U S A,ISOLE VERGINI AMERICANE
Zona 2,VIRGIN ISLANDS U.S.A,ISOLE VERGINI AMERICANE
Zona 2,ILES VIERGES DES ETATS-UNIS,ISOLE VERGINI AMERICANE
Zona 2,VERGINI U.S.A.,ISOLE VERGINI AMERICANE
Zona 2,ILES VIERGES AMERICAINES,ISOLE VERGINI AMERICANE
Zona 2,VIRGIN ISLANDS, U.S.,ISOLE VERGINI AMERICANE
Zona 2,VIRGIN ISLANDS U.S.,ISOLE VERGINI AMERICANE
Zona 2,ISLAS VIRGENES BRITANICAS,ISOLE VERGINI BRITANNICHE
Zona 2,BRITISH VIRGIN ISLANDS,ISOLE VERGINI BRITANNICHE
Zona 2,VERGINI BRITANNICHE,ISOLE VERGINI BRITANNICHE
Zona 2,ISOLE VERGINI BRITANNICHE,ISOLE VERGINI BRITANNICHE
Zona 2,VIRGIN ISLANDS BRITISH,ISOLE VERGINI BRITANNICHE
Zona 2,ILES VIERGES BRITANNIQUES,ISOLE VERGINI BRITANNICHE
Zona 1,ISRAËL,ISRAELE
Zona 1,ISRAELE,ISRAELE
Zona 1,ISRAEL,ISRAELE
Zona 1,JAMAHIRYA LIBICA (LIBIA),JAMAHIRIYA LIBICA
Zona 1,JAMAHIRYA LIBICA LIBIA,JAMAHIRIYA LIBICA
Zona 1,LIBYE,JAMAHIRIYA LIBICA
Zona 1,JAMAHIRIYA LIBICA,JAMAHIRIYA LIBICA
Zona 1,LIBYAN ARAB JAMAHIRIYA,JAMAHIRIYA LIBICA
Zona 1,JAMAHIRIYA LIBYENNE,JAMAHIRIYA LIBICA
Zona 1,LIBIA,JAMAHIRIYA LIBICA
Zona 1,LIBYA,JAMAHIRIYA LIBICA
Zona 1,LYBIA,JAMAHIRIYA LIBICA
Zona 1,JERSEY,JERSEY
Zona 2,KAZAKHSTAN,KAZAKHSTAN
Zona 2,KAZAKSTAN,KAZAKHSTAN
Zona 2,KAZAKISTAN,KAZAKHSTAN
Zona 2,KENYA,KENYA
Zona 2,KENIA,KENYA
Zona 1,KERGUELEN,KERGUELEN
Zona 3,KIRIBATI,KIRIBATI
Zona 1,KOSSOVO,KOSSOVO
Zona 1,KOSOVO,KOSSOVO
Zona 2,KOWEIT,KUWAIT
Zona 2,KOWEÏT,KUWAIT
Zona 2,KUWAIT,KUWAIT
Zona 2,KYRGYZSTAN,KYRGYZSTAN
Zona 2,KIRGHIZSTAN,KYRGYZSTAN
Zona 2,KIRGYZSTAN,KYRGYZSTAN
Zona 2,KIRGHIZISTAN,KYRGYZSTAN
Zona 2,KIRGHIZIA,KYRGYZSTAN
Zona 2,LAOS,LAOS
Zona 2,LAO PEOPLE'S DEMOCRATIC REPUBLIC,LAOS
Zona 2,LAO,LAOS
Zona 2,LESOTHO,LESOTHO
Zona 1,LATVIA,LETTONIA
Zona 1,LETTONIE,LETTONIA
Zona 1,LETTONIA,LETTONIA
Zona 1,LIBANO,LIBANO
Zona 1,LIBAN,LIBANO
Zona 1,LEBANON,LIBANO
Zona 2,LIBERIA,LIBERIA
Zona 1,LICHTENSTEIN,LIECHTENSTEIN
Zona 1,LIECHTENSTEIN,LIECHTENSTEIN
Zona 1,LITUANIE,LITUANIA
Zona 1,LITUANIA,LITUANIA
Zona 1,LITHUANIA,LITUANIA
Zona 1,LUSSEMBURGO,LUSSEMBURGO
Zona 1,LUXEMBOURG,LUSSEMBURGO
Zona 1,LUXEMBURGO,LUSSEMBURGO
Zona 2,MACAU,MACAO
Zona 2,MACAO,MACAO
Zona 1,MACEDOINE EX REP YOUGOSLAVE,MACEDONIA
Zona 1,REPUBBLICA DI MACEDONIA,MACEDONIA
Zona 1,MACEDONIA,MACEDONIA
Zona 1,MACEDOINE(EX REP YOUGOSLAVE),MACEDONIA
Zona 1,MACEDONIA THE FORMER YUGOSLAV REPUBLIC OF,MACEDONIA
Zona 1,MACÉDOINE (EX RÉP YOUGOSLAVE ),MACEDONIA
Zona 1,MACÉDOINE EX RÉP YOUGOSLAVE,MACEDONIA
Zona 2,MADAGASCAR,MADAGASCAR
Zona 2,MALAWI,MALAWI
Zona 2,MALDIVAS,MALDIVE
Zona 2,MALDIVES,MALDIVE
Zona 2,MALDIVE,MALDIVE
Zona 2,MALAYSIA,MALESIA
Zona 2,MALASIA,MALESIA
Zona 2,MALAISIE,MALESIA
Zona 2,MALESIA,MALESIA
Zona 2,MALI,MALI
Zona 1,MALTA,MALTA
Zona 1,MALTE,MALTA
Zona 1,GOZO,MALTA
Zona 1,MAROCCO,MAROCCO
Zona 1,MAROC,MAROCCO
Zona 1,MOROCCO,MAROCCO
Zona 1,MARRUECOS,MAROCCO
Zona 2,ISOLA DELLA MARTINICA,MARTINICA
Zona 2,MARTINIQUE,MARTINICA
Zona 2,MARTINICA,MARTINICA
Zona 2,MAURITANIA,MAURITANIA
Zona 2,MAURITANIE,MAURITANIA
Zona 2,MAURITIUS,MAURITIUS
Zona 2,MAURIZIO,MAURITIUS
Zona 2,MAURICIO,MAURITIUS
Zona 2,MAURICE,MAURITIUS
Zona 2,MAYOTTE,MAYOTTE
Zona 2,MEXICO,MESSICO
Zona 2,MEXIQUE,MESSICO
Zona 2,MESSICO,MESSICO
Zona 3,MICRONESIA FEDERATED STATES OF,MICRONESIA
Zona 3,MICRONESIA,MICRONESIA
Zona 3,MICRONESIE,MICRONESIA
Zona 2,MIDWAY,MIDWAY
Zona 2,ISOLA DI MIDWAY,MIDWAY
Zona 2,ISOLE MIDWAY,MIDWAY
Zona 2,MIDWAY ISLAND,MIDWAY
Zona 2,MIDWAY ISLANDS,MIDWAY
Zona 1,MOLDOVA (REP. DE),MOLDAVIA
Zona 1,MOLDAVIA,MOLDAVIA
Zona 1,MOLDOVA,MOLDAVIA
Zona 1,MOLDOVA REP DE,MOLDAVIA
Zona 1,MOLDOVA REPUBLIC OF,MOLDAVIA
Zona 2,MONGOLIA,MONGOLIA
Zona 2,MONGOLIE,MONGOLIA
Zona 1,REPUBBLICA DI MONTENEGRO,MONTENEGRO
Zona 1,REPUBLIKA CRNA GORA,MONTENEGRO
Zona 1,MONTÉNÉGRO,MONTENEGRO
Zona 1,REPUBLIC OF MONTENEGRO,MONTENEGRO
Zona 1,MONTENEGRO,MONTENEGRO
Zona 2,MONTSERRAT,MONTSERRAT
Zona 2,MONSERRAT,MONTSERRAT
Zona 2,MOZAMBIQUE,MOZAMBICO
Zona 2,MOZAMBICO,MOZAMBICO
Zona 2,BURMA,MYANMAR
Zona 2,BIRMANIA,MYANMAR
Zona 2,MYANMAR,MYANMAR
Zona 2,MYANMAR (BIRMANIE),MYANMAR
Zona 2,MYANMAR(BURMA),MYANMAR
Zona 2,MYANMAR BIRMANIE,MYANMAR
Zona 2,MYANMAR BURMA,MYANMAR
Zona 2,MYANMAR BIRMANIA,MYANMAR
Zona 2,NAMIBIA,NAMIBIA
Zona 2,NAMIBIE,NAMIBIA
Zona 3,NAURU,NAURU
Zona 2,NEPAL,NEPAL
Zona 2,NÉPAL,NEPAL
Zona 2,NICARAGUA,NICARAGUA
Zona 2,NIGER,NIGER
Zona 2,NIGERIA,NIGERIA
Zona 3,NIUE,NIUE
Zona 3,NORFOLK ISLAND,NORFOLK
Zona 3,NORFOLK,NORFOLK
Zona 1,NORVEGIA,NORVEGIA
Zona 1,NORVEGE,NORVEGIA
Zona 1,NORWAY,NORVEGIA
Zona 1,NORGE,NORVEGIA
Zona 1,NORUEGA,NORVEGIA
Zona 1,NORVÈGE,NORVEGIA
Zona 3,CALEDONIA,NUOVA CALEDONIA
Zona 3,NOUVELLE CALÉDONIE,NUOVA CALEDONIA
Zona 3,NOUVELLE CALEDONIE,NUOVA CALEDONIA
Zona 3,NUEVA CALEDONIA,NUOVA CALEDONIA
Zona 3,NEW CALEDONIA,NUOVA CALEDONIA
Zona 3,NUOVA CALEDONIA,NUOVA CALEDONIA
Zona 3,NOUVELLE ZÉLANDE,NUOVA ZELANDA
Zona 3,NUOVA ZELANDA,NUOVA ZELANDA
Zona 3,NUEVA ZELANDA,NUOVA ZELANDA
Zona 3,NEW ZEALAND,NUOVA ZELANDA
Zona 3,NOUVELLE ZELANDE,NUOVA ZELANDA
Zona 1,PAYS-BAS,OLANDA
Zona 1,PAESI BASSI,OLANDA
Zona 1,PAYS BAS,OLANDA
Zona 1,HOLLAND,OLANDA
Zona 1,NETHERLAND,OLANDA
Zona 1,NETHERLANDS,OLANDA
Zona 1,OLANDA,OLANDA
Zona 1,PAISES BAJOS,OLANDA
Zona 2,OMAN,OMAN
Zona 2,PAKISTAN,PAKISTAN
Zona 3,PALAOS,PALAOS
Zona 3,PALAU,PALAOS
Zona 3,REPUBLIC OF PALAU,PALAOS
Zona 2,PANAMÁ,PANAMA
Zona 2,PANAMA,PANAMA
Zona 3,PAPOUASIE NOUVELLE GUINÉE,PAPUASIA NUOVA GUINEA
Zona 3,PAPOUASIE - NOUVELLE GUINÉE,PAPUASIA NUOVA GUINEA
Zona 3,PAPUASIA NUOVA GUINEA,PAPUASIA NUOVA GUINEA
Zona 3,PAPUA NUOVA GUINEA,PAPUASIA NUOVA GUINEA
Zona 3,NEW GUINEA,PAPUASIA NUOVA GUINEA
Zona 3,PAPOUASIE - NOUVELLE GUINEE,PAPUASIA NUOVA GUINEA
Zona 3,NUOVA GUINEA PAPUA,PAPUASIA NUOVA GUINEA
Zona 3,PAPUA NEW GUINEA,PAPUASIA NUOVA GUINEA
Zona 3,PAPUA NUEVA GUINEA,PAPUASIA NUOVA GUINEA
Zona 3,PAPOUASIE NOUVELLE GUINEE,PAPUASIA NUOVA GUINEA
Zona 3,NUOVA GUINEA-PAPUA,PAPUASIA NUOVA GUINEA
Zona 2,PARAGUAY,PARAGUAY
Zona 2,PEROU,PERU
Zona 2,PERU,PERU
Zona 2,PERU',PERU
Zona 2,PERÙ,PERU
Zona 2,PÉROU,PERU
Zona 2,ISOLE DELLA FENICE,PHOENIX
Zona 2,PHOENIX ISLANDS,PHOENIX
Zona 2,PHOENIX,PHOENIX
Zona 2,ISOLE PHOENIX,PHOENIX
Zona 3,OENO,PITCAIRN
Zona 3,DUCIE,PITCAIRN
Zona 3,HENDERSON,PITCAIRN
Zona 3,PITCAIRN ISLANDS,PITCAIRN
Zona 3,ISOLE PITCAIRN,PITCAIRN
Zona 3,PITCAIRN,PITCAIRN
Zona 3,POLINESIA FRANCESE,POLINESIA FRANCESE
Zona 3,CLIPPERTON,POLINESIA FRANCESE
Zona 3,POLINESIA FRANCESA,POLINESIA FRANCESE
Zona 3,POLYNESIE FRANCAISE,POLINESIA FRANCESE
Zona 3,POLINESIA,POLINESIA FRANCESE
Zona 3,FRENCH POLYNESIA,POLINESIA FRANCESE
Zona 3,POLYNÉSIE FRANÇAISE,POLINESIA FRANCESE
Zona 1,POLOGNE,POLONIA
Zona 1,POLONIA,POLONIA
Zona 1,POLAND,POLONIA
Zona 2,PORTO RICO,PORTO RICO
Zona 2,PUERTO RICO,PORTO RICO
Zona 2,PORTORICO,PORTO RICO
Zona 1,PORTOGALLO,PORTOGALLO
Zona 1,MADERA,PORTOGALLO
Zona 1,PORTUGAL,PORTOGALLO
Zona 1,PRINCIPALITY OF MONACO,PRINCIPATO DI MONACO
Zona 1,MONACO,PRINCIPATO DI MONACO
Zona 1,MONTECARLO,PRINCIPATO DI MONACO
Zona 1,MONACO (PRINCIPATO),PRINCIPATO DI MONACO
Zona 1,MONACO PRINCIPATO,PRINCIPATO DI MONACO
Zona 1,PRINCIPATO DI MONACO,PRINCIPATO DI MONACO
Zona 2,QATAR,QATAR
Zona 2,REP DEMOCRATICA POPOLARE DI COREA,REP. DEMOCRATICA POPOLARE DI COREA
Zona 2,COREA DEL NORD,REP. DEMOCRATICA POPOLARE DI COREA
Zona 2,KOREA DEMOCRATIC PEOPLE'S REPUBLIC OF,REP. DEMOCRATICA POPOLARE DI COREA
Zona 2,REPUBLIQUE POPULAIRE DEMOCRATIQUE DE CO,REP. DEMOCRATICA POPOLARE DI COREA
Zona 2,CORÉE POPULAIRE,REP. DEMOCRATICA POPOLARE DI COREA
Zona 2,REP. DEMOCRATICA POPOLARE DI COREA,REP. DEMOCRATICA POPOLARE DI COREA
Zona 2,DEMOCRATIC PEOPLE'S REPUBLIC OF KOREA,REP. DEMOCRATICA POPOLARE DI COREA
Zona 2,COREE POPULAIRE,REP. DEMOCRATICA POPOLARE DI COREA
Zona 2,KOREA REPUBLIC OF,REPUBBLICA DI COREA
Zona 1,REP CECA,REPUBBLICA CECA
Zona 1,REPUBBLICA CECA,REPUBBLICA CECA
Zona 1,CZECH REPUBLIC,REPUBBLICA CECA
Zona 1,TCHÈQUE  ( REP.),REPUBBLICA CECA
Zona 2,CENTRAFIQUE(REP),REPUBBLICA CENTROAFRICANA
Zona 2,REPUBLIQUE CENTRAFRICAINE,REPUBBLICA CENTROAFRICANA
Zona 2,CENTROAFRICANA,REPUBBLICA CENTROAFRICANA
Zona 2,CENTRAL AFRICAN REPUBLIC,REPUBBLICA CENTROAFRICANA
Zona 2,REPUBBLICA CENTROAFRICANA,REPUBBLICA CENTROAFRICANA
Zona 2,REPUBBLICA CENTRAFRICANA,REPUBBLICA CENTROAFRICANA
Zona 2,CENTRAFIQUE REP,REPUBBLICA CENTROAFRICANA
Zona 2,CONGO BRAZZAVILLE,REPUBBLICA DEL CONGO
Zona 2,CONGO (BRAZZAVILLE),REPUBBLICA DEL CONGO
Zona 2,CONGO,REPUBBLICA DEL CONGO
Zona 2,REPUBBLICA DEL CONGO,REPUBBLICA DEL CONGO
Zona 2,CONGO REP DEMOCRATICA EX ZAIRE,REPUBBLICA DEMOCRATICA DEL CONGO
Zona 2,ZAIRE,REPUBBLICA DEMOCRATICA DEL CONGO
Zona 2,REPUBBLICA DEMOCRATICA DEL CONGO,REPUBBLICA DEMOCRATICA DEL CONGO
Zona 2,REP. DEMOCRATICA DEL CONGO,REPUBBLICA DEMOCRATICA DEL CONGO
Zona 2,CONGO THE DEMOCRATIC REPUBLIC OF THE,REPUBBLICA DEMOCRATICA DEL CONGO
Zona 2,REP DEMOCRATICA DEL CONGO,REPUBBLICA DEMOCRATICA DEL CONGO
Zona 2,DEMOCRATIC REPUBLIC OF CONGO,REPUBBLICA DEMOCRATICA DEL CONGO
Zona 2,RÉP DÉM DU CONGO,REPUBBLICA DEMOCRATICA DEL CONGO
Zona 2,CONGO REP. DEMOCRATICA (EX ZAIRE),REPUBBLICA DEMOCRATICA DEL CONGO
Zona 2,KOREA,REPUBBLICA DI COREA
Zona 2,REPUBLIC OF KOREA,REPUBBLICA DI COREA
Zona 2,COREA DEL SUD,REPUBBLICA DI COREA
Zona 2,KOREA ( REP),REPUBBLICA DI COREA
Zona 2,KOREA REP,REPUBBLICA DI COREA
Zona 2,CORÉE,REPUBBLICA DI COREA
Zona 2,COREE,REPUBBLICA DI COREA
Zona 2,REPUBBLICA DI COREA,REPUBBLICA DI COREA
Zona 2,COREA,REPUBBLICA DI COREA
Zona 2,REPUBLIQUE DE COREE,REPUBBLICA DI COREA
Zona 2,DOMINICANA,REPUBBLICA DOMINICANA
Zona 2,REPUBLIQUE DOMINICAINE,REPUBBLICA DOMINICANA
Zona 2,REPUBBLICADOMINICANA,REPUBBLICA DOMINICANA
Zona 2,DOMINICA REPUBLIC,REPUBBLICA DOMINICANA
Zona 2,DOMINICAN REPUBLIC,REPUBBLICA DOMINICANA
Zona 2,REP DOMINICANA,REPUBBLICA DOMINICANA
Zona 2,REPUBBLICA DOMINICANA,REPUBBLICA DOMINICANA
Zona 2,PEOPLES REPUBLIC OF CHINA,REPUBBLICA POPOLARE CINESE
Zona 2,CHINA PEOPLE'S REPUBLIC,REPUBBLICA POPOLARE CINESE
Zona 2,CINA,REPUBBLICA POPOLARE CINESE
Zona 2,REPUBBLICA POPOLARE CINESE,REPUBBLICA POPOLARE CINESE
Zona 2,PRC,REPUBBLICA POPOLARE CINESE
Zona 2,CHINE,REPUBBLICA POPOLARE CINESE
Zona 2,CHINA,REPUBBLICA POPOLARE CINESE
Zona 2,REPUBLICA POPULAR DE CHINA,REPUBBLICA POPOLARE CINESE
Zona 2,REUNION,REUNION
Zona 2,RÉUNION,REUNION
Zona 2,RIUNIONE,REUNION
Zona 1,ROMANIA,ROMANIA
Zona 1,ROUMANIE,ROMANIA
Zona 1,ROUMANIA,ROMANIA
Zona 1,RUMANIA,ROMANIA
Zona 2,RWANDA,RUANDA
Zona 2,RUANDA,RUANDA
Zona 2,WESTERN SAHARA,SAHARAOCCIDENTALE
Zona 2,SAHARA OCCIDENTALE,SAHARAOCCIDENTALE
Zona 2,SAHARAOCCIDENTALE,SAHARAOCCIDENTALE
Zona 2,SAINT-BARTHELEMY,SAINT BARTHELEMY
Zona 2,SAINT-BARTHÉLEMY,SAINT BARTHELEMY
Zona 2,SAINT BARTHELEMY,SAINT BARTHELEMY
Zona 2,SAINT KITTS AND NEVIS,SAINT CHRISTOPHER E NEVIS
Zona 2,SAN CRISTOBAL Y NEVIS,SAINT CHRISTOPHER E NEVIS
Zona 2,KITTS,SAINT CHRISTOPHER E NEVIS
Zona 2,NEVIS,SAINT CHRISTOPHER E NEVIS
Zona 2,SAINT CHRISTOPHE ET NIEVES,SAINT CHRISTOPHER E NEVIS
Zona 2,SAINT CHRISTOPHER E NEVIS,SAINT CHRISTOPHER E NEVIS
Zona 3,S KITTIS AND NEVIS,SAINT KITTIS
Zona 3,S KITTIS ET NEVIS,SAINT KITTIS
Zona 3,S KITTIS NEVIS,SAINT KITTIS
Zona 3,S. KITTIS AND NEVIS,SAINT KITTIS
Zona 3,S KITTIS,SAINT KITTIS
Zona 3,S. KITTIS(NEVIS),SAINT KITTIS
Zona 3,S. KITTIS ET NEVIS,SAINT KITTIS
Zona 3,SAINT KITTIS AND NEVIS,SAINT KITTIS
Zona 3,SAINT KITTIS E NEVIS,SAINT KITTIS
Zona 3,SAINT KITTIS,SAINT KITTIS
Zona 3,S.KITTIS,SAINT KITTIS
Zona 2,ST. LUCIA,SAINT LUCIA
Zona 2,SANTA LUCIA,SAINT LUCIA
Zona 2,SAINT LUCIA,SAINT LUCIA
Zona 2,SAINT LUCIE,SAINT LUCIA
Zona 2,SAINTE LUCIE,SAINT LUCIA
Zona 2,SAINT-PIERRE E MIQUELON,SAINT PIERRE E MIQUELON
Zona 2,S PIERRE E MIQUELON,SAINT PIERRE E MIQUELON
Zona 2,S. PIERRE ET MIQUELON,SAINT PIERRE E MIQUELON
Zona 2,S. PIERRE E MIQUELON,SAINT PIERRE E MIQUELON
Zona 2,S PIERRE ET MIQUELON,SAINT PIERRE E MIQUELON
Zona 2,SAINT PIERRE AND MIQUELON,SAINT PIERRE E MIQUELON
Zona 2,SAN PEDRO,SAINT PIERRE E MIQUELON
Zona 2,SAINT PIERRE E MIQUELON,SAINT PIERRE E MIQUELON
Zona 2,SAINT PIERRE,SAINT PIERRE E MIQUELON
Zona 2,MIQUELON,SAINT PIERRE E MIQUELON
Zona 2,SAN VINCENZO,SAINT VINCENT E LE GRENADINE
Zona 2,S VINCENZO GRENADINE,SAINT VINCENT E LE GRENADINE
Zona 2,S. VINCENZO (GRENADINE),SAINT VINCENT E LE GRENADINE
Zona 2,SAINT VINCENTE GRENADINE,SAINT VINCENT E LE GRENADINE
Zona 2,GRENADINES,SAINT VINCENT E LE GRENADINE
Zona 2,SAINT VINCENT AND THE GRENADINES,SAINT VINCENT E LE GRENADINE
Zona 2,S VINCENT AND GRENADINES,SAINT VINCENT E LE GRENADINE
Zona 2,S. VINCENT AND GRENADINES,SAINT VINCENT E LE GRENADINE
Zona 2,SAINTE VINCENTE ET GRENADINES,SAINT VINCENT E LE GRENADINE
Zona 2,SAINT VINCENT,SAINT VINCENT E LE GRENADINE
Zona 2,SAINT VINCENT E LE GRENADINE,SAINT VINCENT E LE GRENADINE
Zona 3,SAMOA U.S.A.,SAMOA AMERICANE
Zona 3,SAMOA AMERICAINÉS,SAMOA AMERICANE
Zona 3,SAMOA AMERICAINES,SAMOA AMERICANE
Zona 3,SAMOA U S A,SAMOA AMERICANE
Zona 3,AMERICAN SAMOA,SAMOA AMERICANE
Zona 3,SAMOA NORTEAMERICANO,SAMOA AMERICANE
Zona 3,SAMOA AMERICANE,SAMOA AMERICANE
Zona 3,SAMOA AMERICAIN,SAMOA AMERICANE
Zona 3,SAMON ISLAND,SAMOA AMERICANE
Zona 2,SAMOA OCC,SAMOA OCCIDENTALI
Zona 2,SAMOA OCC.,SAMOA OCCIDENTALI
Zona 2,SAMOA OCCIDENTAL,SAMOA OCCIDENTALI
Zona 2,SAMOA OCCIDENTALI,SAMOA OCCIDENTALI
Zona 2,WESTERN SAMOA,SAMOA OCCIDENTALI
Zona 2,SAMOA,SAMOA OCCIDENTALI
Zona 2,SAMOA NEOZELANDESI,SAMOA OCCIDENTALI
Zona 1,SAN MARINO,SAN MARINO
Zona 1,SAINT MARIN,SAN MARINO
Zona 1,REPUBBLICA DI SAN MARINO,SAN MARINO
Zona 2,SAINTE HÉLÈNE,SANT' ELENA
Zona 2,SAINTE-HELENE,SANT' ELENA
Zona 2,ST. HELENA,SANT' ELENA
Zona 2,SAINTE HELENE,SANT' ELENA
Zona 2,ST HELENA,SANT' ELENA
Zona 2,SANT' ELENA,SANT' ELENA
Zona 2,SANT'ELENA,SANT' ELENA
Zona 2,SANTA ELENA,SANT' ELENA
Zona 2,SANT ELENA,SANT' ELENA
Zona 2,SAINT HELENE,SANT' ELENA
Zona 2,SAINT HELENA,SANT' ELENA
Zona 2,SAINTE-HÉLÈNE,SANT' ELENA
Zona 2,S THOMAS ET PRINCE,SAO TOME E PRINCIPE
Zona 2,S THOMAS AND PRINCE,SAO TOME E PRINCIPE
Zona 2,SAO TOME ET PRINCIPE,SAO TOME E PRINCIPE
Zona 2,SANTO TOME Y PRINCIPE,SAO TOME E PRINCIPE
Zona 2,PRINCIPE,SAO TOME E PRINCIPE
Zona 2,SAO TOME AND PRINCIPE,SAO TOME E PRINCIPE
Zona 2,SAO TOME E PRINCIPE,SAO TOME E PRINCIPE
Zona 2,S THOMAS ET PRINCIPE,SAO TOME E PRINCIPE
Zona 2,S. THOMAS AND PRINCE,SAO TOME E PRINCIPE
Zona 2,S. THOMAS-ET-PRINCE,SAO TOME E PRINCIPE
Zona 2,SÃO TOMÉ E PRÍNCIPE,SAO TOME E PRINCIPE
Zona 2,S. THOMAS-ET-PRINCIPE,SAO TOME E PRINCIPE
Zona 2,SÉNÉGAL,SENEGAL
Zona 2,SENEGAL,SENEGAL
Zona 1,REPUBLIC OF SERBIA,SERBIA
Zona 1,REPUBLIKA SRBIJA,SERBIA
Zona 1,SERBIE,SERBIA
Zona 1,SERBIA,SERBIA
Zona 1,REPUBBLICA DI SERBIA,SERBIA
Zona 2,SEYCHELLES,SEYCHELLES
Zona 2,SIERRA LEONA,SIERRA LEONE
Zona 2,SIERRA LEON,SIERRA LEONE
Zona 2,SIERRA LEONE,SIERRA LEONE
Zona 2,SINGAPOUR,SINGAPORE
Zona 2,SINGAPORE,SINGAPORE
Zona 2,SINGAPUR,SINGAPORE
Zona 1,SLOVAK REPUBLIC,SLOVACCHIA
Zona 1,REPUBBLICA SLOVACCA,SLOVACCHIA
Zona 1,SLOVACCHIA,SLOVACCHIA
Zona 1,SLOVAQUIE,SLOVACCHIA
Zona 1,SLOVAKIA,SLOVACCHIA
Zona 1,SLOVENIA,SLOVENIA
Zona 1,SLOVÉNIE,SLOVENIA
Zona 1,SLOVENIE,SLOVENIA
Zona 1,SPAGNA,SPAGNA
Zona 1,MELILLA,SPAGNA
Zona 1,SPANIA,SPAGNA
Zona 1,CEUTA,SPAGNA
Zona 1,ESPAGNE,SPAGNA
Zona 1,IBERIA,SPAGNA
Zona 1,HISPANIA,SPAGNA
Zona 1,ESPANA,SPAGNA
Zona 1,SPAIN,SPAGNA
Zona 2,SRI LANKA,SRI LANKA
Zona 2,U.S.A.,STATI UNITI D'AMERICA
Zona 2,ESTADOS UNIDOS DE AMERICA,STATI UNITI D'AMERICA
Zona 2,ETATS UNIS DAMERIQUE,STATI UNITI D'AMERICA
Zona 2,STATI UNITI DAMERICA,STATI UNITI D'AMERICA
Zona 2,UNITED STATES OF AMERICA,STATI UNITI D'AMERICA
Zona 2,STATI UNITI D' AMERICA,STATI UNITI D'AMERICA
Zona 2,STATI UNITI D'AMERICA,STATI UNITI D'AMERICA
Zona 2,UNITED STATES,STATI UNITI D'AMERICA
Zona 2,USA,STATI UNITI D'AMERICA
Zona 2,AMERICA,STATI UNITI D'AMERICA
Zona 2,ETATS UNIS,STATI UNITI D'AMERICA
Zona 2,ETATS-UNIS,STATI UNITI D'AMERICA
Zona 2,U S A,STATI UNITI D'AMERICA
Zona 2,ÉTATS-UNIS,STATI UNITI D'AMERICA
Zona 2,ÉTATS UNIS,STATI UNITI D'AMERICA
Zona 2,SUDAFRICANA,SUDAFRICA
Zona 2,AFRICA DEL SUD,SUDAFRICA
Zona 2,REPUBBLICA SUDAFRICANA,SUDAFRICA
Zona 2,AFRIQUE DU SUD,SUDAFRICA
Zona 2,REPUBLIQUE SUDAFRICAINE,SUDAFRICA
Zona 2,SUDAFRICA,SUDAFRICA
Zona 2,SOUTH AFRICA,SUDAFRICA
Zona 2,SUDAN,SUDAN
Zona 2,SOUDAN,SUDAN
Zona 2,SURINAME,SURINAME
Zona 2,SURINAM,SURINAME
Zona 1,SVALBARD E JANMAYEN,SVALBARD E JANMAYEN
Zona 1,SVALBARD AND JAN MAYEN,SVALBARD E JANMAYEN
Zona 1,SUÈDE,SVEZIA
Zona 1,SUEDE,SVEZIA
Zona 1,SVERIGE,SVEZIA
Zona 1,SVEZIA,SVEZIA
Zona 1,SWEDEN,SVEZIA
Zona 1,SUECIA,SVEZIA
Zona 1,SUISSE,SVIZZERA
Zona 1,SWITZERLAND,SVIZZERA
Zona 1,SCHWEIZ,SVIZZERA
Zona 1,SVIZZERA,SVIZZERA
Zona 1,SUIZA,SVIZZERA
Zona 2,SWAZILAND,SWAZILAND
Zona 2,SWAZILANDIA,SWAZILAND
Zona 2,TAGIKISTAN,TADJIKISTAN
Zona 2,TADJIKISTAN,TADJIKISTAN
Zona 2,TAJIKISTAN,TADJIKISTAN
Zona 2,THAILANDIA,TAILANDIA
Zona 2,TAILANDIA,TAILANDIA
Zona 2,THAILANDE,TAILANDIA
Zona 2,THAÏLANDE,TAILANDIA
Zona 2,THAILAND,TAILANDIA
Zona 2,FORMOSA,TAIWAN
Zona 2,TAIWAN (FORMOSA),TAIWAN
Zona 2,PROVINCE OF TAIWAN,TAIWAN
Zona 2,TAIWAN,TAIWAN
Zona 2,TAIWAN PROVINCE OF CHINA,TAIWAN
Zona 2,TAIWAN FORMOSA,TAIWAN
Zona 2,TANZANIA,TANZANIA
Zona 2,TANZANIE,TANZANIA
Zona 2,TANZANIA UNITED REPUBLIC OF,TANZANIA
Zona 3,CROZET,TERRE AUSTRALI E ANTART. FRANCESI
Zona 3,TERRE AUSTRALI E ANTARTICHE FRANCESI,TERRE AUSTRALI E ANTART. FRANCESI
Zona 3,TERRE AUSTRALI E ANTART. FRANCESI,TERRE AUSTRALI E ANTART. FRANCESI
Zona 3,FRENCH SOUTHERN TERRITORIES,TERRE AUSTRALI E ANTART. FRANCESI
Zona 3,TERRE ADELIE,TERRE AUSTRALI E ANTART. FRANCESI
Zona 3,TERRE AUSTRALI E ANTART FRANCESI,TERRE AUSTRALI E ANTART. FRANCESI
Zona 2,TERRIT. BRIT. DELL'OCEANO INDIANO,TERRIT. BRIT. DELL'OCEANO INDIANO
Zona 2,TERRITORIO BRITANNICO DELL'OCEANO INDIANO,TERRIT. BRIT. DELL'OCEANO INDIANO
Zona 2,TERRITORIO BRITANNICO DELLOCEANO INDIAN,TERRIT. BRIT. DELL'OCEANO INDIANO
Zona 2,TERRIT BRIT DELLOCEANO INDIANO,TERRIT. BRIT. DELL'OCEANO INDIANO
Zona 2,TERRIT. BRIT. DELL' OCEANO INDIANO,TERRIT. BRIT. DELL'OCEANO INDIANO
Zona 2,TERRIT BRIT DELL' OCEANO INDIANO,TERRIT. BRIT. DELL'OCEANO INDIANO
Zona 2,CHAGOS,TERRIT. BRIT. DELL'OCEANO INDIANO
Zona 2,BRITISH INDIAN OCEAN TERRITORY,TERRIT. BRIT. DELL'OCEANO INDIANO
Zona 2,TERRIT BRIT DELL'OCEANO INDIANO,TERRIT. BRIT. DELL'OCEANO INDIANO
Zona 2,TIMOR LESTE,TIMOR PORTOGHESE
Zona 2,TIMOR ORIENTALE,TIMOR PORTOGHESE
Zona 2,TIMOR EST,TIMOR PORTOGHESE
Zona 2,EAST TIMOR,TIMOR PORTOGHESE
Zona 2,TIMOR PORTUGUES,TIMOR PORTOGHESE
Zona 2,TIMOR PORTOGHESE,TIMOR PORTOGHESE
Zona 2,TIMOR ORIENTAL,TIMOR PORTOGHESE
Zona 2,PORTUGUESE TIMOR,TIMOR PORTOGHESE
Zona 2,REPUBLIQUE TOGOLAISE,TOGO
Zona 2,TOGOLESA,TOGO
Zona 2,TOGO,TOGO
Zona 2,TOGOLESE REPUBLIC,TOGO
Zona 3,TONGA,TONGA
Zona 2,TRINIDAD Y TOBAGO,TRINIDAD E TOBAGO
Zona 2,TRINIDAD,TRINIDAD E TOBAGO
Zona 2,TRINITÉ ET TOBAGO,TRINIDAD E TOBAGO
Zona 2,TRINITE ET TOBAGO,TRINIDAD E TOBAGO
Zona 2,TRINIDAD E TOBAGO,TRINIDAD E TOBAGO
Zona 2,TRINIDAD AND TOBAGO,TRINIDAD E TOBAGO
Zona 2,TOBAGO,TRINIDAD E TOBAGO
Zona 2,TRISTAN DA CUNHA,TRISTAN DA CUNHA
Zona 1,TUNEZ,TUNISIA
Zona 1,TUNISIE,TUNISIA
Zona 1,TUNISIA,TUNISIA
Zona 1,TURKEY,TURCHIA
Zona 1,TURQUIA,TURCHIA
Zona 1,TURCHIA,TURCHIA
Zona 1,TURQUIE,TURCHIA
Zona 2,TURKMÉNISTAN,TURKMENISTAN
Zona 2,TURKMENISTAN,TURKMENISTAN
Zona 3,TUVALU,TUVALU
Zona 1,UKRAINE,UCRAINA
Zona 1,UCRAINA,UCRAINA
Zona 1,UKRAINIAN,UCRAINA
Zona 2,OUGANDA,UGANDA
Zona 2,UGANDA,UGANDA
Zona 1,HUNGARY,UNGHERIA
Zona 1,HONGRIE,UNGHERIA
Zona 1,UNGHERIA,UNGHERIA
Zona 2,URUGUAY,URUGUAY
Zona 2,UZBEKISTAN,UZBEKISTAN
Zona 2,OUZBEKISTAN,UZBEKISTAN
Zona 2,OUZBÉKISTAN,UZBEKISTAN
Zona 3,VANUATU,VANUATU
Zona 2,VENEZUELA,VENEZUELA
Zona 2,VIET NAM,VIET NAM
Zona 2,VIETNAM,VIET NAM
Zona 3,WAKE,WAKE
Zona 3,WAKE ISLAND,WAKE
Zona 3,ISOLA DI WAKE,WAKE
Zona 3,WALLIS,WALLIS E FUTUNA
Zona 3,WALLIS E FUTUNA,WALLIS E FUTUNA
Zona 3,WALLIS AND FUTUNA ISLANDS,WALLIS E FUTUNA
Zona 3,WALLIS AND FUTUNA,WALLIS E FUTUNA
Zona 3,FUTUNA,WALLIS E FUTUNA
Zona 2,ZAMBIE,ZAMBIA
Zona 2,ZAMBIA,ZAMBIA
Zona 2,ZIMBAWE,ZIMBABWE
Zona 2,ZIMBABWE,ZIMBABWE
